{"options":{"awareOfChrome":false,"comment":null,"compat_arrayleft":false,"compat_foreach":false,"compat_forvarin":false,"compat_metadata":false,"compat_uW_gmonkey":false,"compat_wrappedjsobject":false,"compatopts_for_requires":true,"noframes":null,"override":{"merge_excludes":true,"merge_includes":true,"merge_matches":true,"orig_excludes":[],"orig_includes":["http://*/home.php?mod=spacecp&ac=avatar*","http://*/admin.php?m=user&a=login*"],"orig_matches":[],"orig_noframes":null,"orig_run_at":"document-end","use_excludes":[],"use_includes":[],"use_matches":[]},"run_at":null,"user_agent":""},"settings":{"enabled":true,"position":16},"meta":{"name":"Discuz论坛头像上传助手","uuid":"2b6ab69d-6a2a-41af-87e0-3f579fe5357c","modified":1458069124659,"file_url":"https://greasyfork.org/scripts/11969-discuz%E8%AE%BA%E5%9D%9B%E5%A4%B4%E5%83%8F%E4%B8%8A%E4%BC%A0%E5%8A%A9%E6%89%8B/code/Discuz%E8%AE%BA%E5%9D%9B%E5%A4%B4%E5%83%8F%E4%B8%8A%E4%BC%A0%E5%8A%A9%E6%89%8B.user.js"}}