{"options":{"awareOfChrome":false,"comment":null,"compat_arrayleft":false,"compat_foreach":false,"compat_forvarin":false,"compat_metadata":false,"compat_uW_gmonkey":false,"compat_wrappedjsobject":false,"compatopts_for_requires":true,"noframes":null,"override":{"merge_excludes":true,"merge_includes":true,"merge_matches":true,"orig_excludes":["http://www.youtube.com/embed/*","https://www.youtube.com/embed/*"],"orig_includes":["http://www.youtube.com/*","https://www.youtube.com/*"],"orig_matches":["http://www.youtube.com/*","https://www.youtube.com/*","http://s.ytimg.com/yts/jsbin/html5player*","https://s.ytimg.com/yts/jsbin/html5player*","http://manifest.googlevideo.com/*","https://manifest.googlevideo.com/*","http://*.googlevideo.com/videoplayback*","https://*.googlevideo.com/videoplayback*","http://*.youtube.com/videoplayback*","https://*.youtube.com/videoplayback*"],"orig_noframes":null,"orig_run_at":"document-end","use_excludes":[],"use_includes":[],"use_matches":[]},"run_at":null,"user_agent":""},"settings":{"enabled":true,"position":8},"meta":{"name":"Download YouTube Videos as MP4","uuid":"5b834cdf-f85e-41b1-8077-6f5055f7fe0b","modified":1458069124603,"file_url":"https://greasyfork.org/scripts/1317-download-youtube-videos-as-mp4/code/Download%20YouTube%20Videos%20as%20MP4.user.js"}}