{"options":{"awareOfChrome":false,"comment":null,"compat_arrayleft":false,"compat_foreach":false,"compat_forvarin":false,"compat_metadata":false,"compat_uW_gmonkey":false,"compat_wrappedjsobject":false,"compatopts_for_requires":true,"noframes":null,"override":{"merge_excludes":true,"merge_includes":true,"merge_matches":true,"orig_excludes":[],"orig_includes":["*"],"orig_matches":["*://*/*"],"orig_noframes":null,"orig_run_at":"document-start","use_excludes":[],"use_includes":[],"use_matches":[]},"run_at":null,"user_agent":""},"settings":{"enabled":true,"position":14},"meta":{"name":"FlashViewer","uuid":"84824b9c-e228-4971-82e3-6fd2fce059b0","modified":1458069124644,"file_url":"https://greasyfork.org/scripts/4285-flashviewer/code/flashViewer.user.js"}}