{"options":{"awareOfChrome":false,"comment":null,"compat_arrayleft":false,"compat_foreach":false,"compat_forvarin":false,"compat_metadata":false,"compat_uW_gmonkey":false,"compat_wrappedjsobject":false,"compatopts_for_requires":true,"noframes":null,"override":{"merge_excludes":true,"merge_includes":true,"merge_matches":true,"orig_excludes":[],"orig_includes":["http://www.google*","http://images.google*","http://news.google*","http://blogsearch.google*","http://books.google*","http://209.85.165.104*","http://translate.google*","http://video.google*","https://translate.google*","https://encrypted.google*","https://www.google*","https://www.google*","https://images.google*","https://news.google*","https://blogsearch.google*","https://books.google*","https://209.85.165.104*","https://translate.google*","https://video.google*"],"orig_matches":[],"orig_noframes":null,"orig_run_at":"document-start","use_excludes":[],"use_includes":[],"use_matches":[]},"run_at":null,"user_agent":""},"settings":{"enabled":false,"position":1},"meta":{"name":"Google Hestia (anime) version","uuid":"33a1b1c5-e69b-4b94-91de-396f10ee2ccc","modified":1458069124114,"file_url":"https://greasyfork.org/scripts/10060-google-hestia-anime-version/code/Google%20Hestia%20(anime)%20version.user.js"}}