{"options":{"awareOfChrome":false,"comment":null,"compat_arrayleft":false,"compat_foreach":false,"compat_forvarin":false,"compat_metadata":false,"compat_uW_gmonkey":false,"compat_wrappedjsobject":false,"compatopts_for_requires":true,"noframes":null,"override":{"merge_excludes":true,"merge_includes":true,"merge_matches":true,"orig_excludes":["https://plus.google.*/*","http://plus.google.*/*"],"orig_includes":["/^https?://.+\\.google\\..+/.*$/"],"orig_matches":["http://tampermonkey.net/scripts.php"],"orig_noframes":null,"orig_run_at":"document-idle","use_excludes":[],"use_includes":[],"use_matches":[]},"run_at":null,"user_agent":""},"settings":{"enabled":true,"position":13},"meta":{"name":"GoogleFullSearchButton","uuid":"2ab5b42a-66b0-4733-859e-6263e3d8c2bd","modified":1458069124638,"file_url":"https://greasyfork.org/scripts/10150-googlefullsearchbutton/code/GoogleFullSearchButton.user.js"}}