{"options":{"awareOfChrome":false,"comment":null,"compat_arrayleft":false,"compat_foreach":false,"compat_forvarin":false,"compat_metadata":false,"compat_uW_gmonkey":false,"compat_wrappedjsobject":false,"compatopts_for_requires":true,"noframes":null,"override":{"merge_excludes":true,"merge_includes":true,"merge_matches":true,"orig_excludes":[],"orig_includes":[],"orig_matches":["*://movie.douban.com/subject/*","http://www.imdb.com/title/tt*"],"orig_noframes":null,"orig_run_at":"document-idle","use_excludes":[],"use_includes":[],"use_matches":[]},"run_at":null,"user_agent":""},"settings":{"enabled":true,"position":18},"meta":{"name":"MoreMovieRatings","uuid":"46dc3b83-d075-4ee3-b371-c4c1f1ecb7d0","modified":1458069124671,"file_url":"https://greasyfork.org/scripts/7687-moremovieratings/code/MoreMovieRatings.user.js"}}