{"options":{"awareOfChrome":false,"comment":null,"compat_arrayleft":false,"compat_foreach":false,"compat_forvarin":false,"compat_metadata":false,"compat_uW_gmonkey":false,"compat_wrappedjsobject":false,"compatopts_for_requires":true,"noframes":null,"override":{"merge_excludes":true,"merge_includes":true,"merge_matches":true,"orig_excludes":[],"orig_includes":["http://www.pixiv.net/member_illust.php?mode=medium&illust_id=*"],"orig_matches":[],"orig_noframes":null,"orig_run_at":"document-idle","use_excludes":[],"use_includes":[],"use_matches":[]},"run_at":null,"user_agent":""},"settings":{"enabled":false,"position":11},"meta":{"name":"Pixiv expand thumbnails","uuid":"2f5cdd9a-ba9a-4b36-b95a-77ae62a87514","modified":1458069124624,"file_url":"https://greasyfork.org/scripts/5480-pixiv-expand-thumbnails/code/pixiv_expand_thumbnails.user.js"}}