{"options":{"awareOfChrome":false,"comment":null,"compat_arrayleft":false,"compat_foreach":false,"compat_forvarin":false,"compat_metadata":false,"compat_uW_gmonkey":false,"compat_wrappedjsobject":false,"compatopts_for_requires":true,"noframes":null,"override":{"merge_excludes":true,"merge_includes":true,"merge_matches":true,"orig_excludes":[],"orig_includes":[],"orig_matches":["http://www.pixiv.net/member_illust.php?mode=medium&illust_id=*"],"orig_noframes":null,"orig_run_at":"document-idle","use_excludes":[],"use_includes":[],"use_matches":[]},"run_at":null,"user_agent":""},"settings":{"enabled":true,"position":10},"meta":{"name":"Pixiv Ugoira2GIF","uuid":"47cc02f3-28ef-42d6-aba8-81aefb9fcef6","modified":1458069124618,"file_url":"https://greasyfork.org/scripts/6534-ugoira2gif/code/Ugoira2GIF.user.js"}}