{"options":{"awareOfChrome":false,"comment":null,"compat_arrayleft":false,"compat_foreach":false,"compat_forvarin":false,"compat_metadata":false,"compat_uW_gmonkey":false,"compat_wrappedjsobject":false,"compatopts_for_requires":true,"noframes":null,"override":{"merge_excludes":true,"merge_includes":true,"merge_matches":true,"orig_excludes":["http*://services.addons.mozilla.org/*"],"orig_includes":["/^https?:\\/\\/(?:www|encrypted)\\.google(?:stable)?\\..{2,9}\\/(?:webhp|search|#|$|\\?)(?:.(?!tbm=))*$/","/^https?:\\/\\/www\\.baidu\\.com\\/(?:s|baidu|)/","/^https?:\\/\\/[^.]*\\.bing\\.com\\/search/","/^https?:\\/\\/www\\.haosou\\.com\\/s\\?/","/^https?:\\/\\/www\\.sogou\\.com\\/(?:web|sogou)/","/^https?:\\/\\/.*\\.*search\\.yahoo\\.com\\/search/","/^https?:\\/\\/.*\\.*search\\.yahoo\\.co.jp\\/search/","/^https?:\\/\\/scholar\\.google(?:\\.\\D{1,3}){1,2}\\/scholar\\?/","/^https?:\\/\\/baike\\.baidu\\.com\\/((sub)?view)?(item)?(search)?/","/^https?:\\/\\/[a-z]{2,3}\\.baike\\.com\\/[a-z]/","/^https?:\\/\\/..\\.wikipedia\\.org\\/w\\/index\\.php\\?(?=.*search=)/","/^https?:\\/\\/zhidao\\.baidu\\.com\\/search/","/^https?:\\/\\/tieba\\.baidu\\.com\\/f/","/^https?:\\/\\/zhidao\\.baidu\\.com\\/(question|link)/","/^https?:\\/\\/www\\.zhihu\\.com\\/search\\?/","/^https?:\\/\\/wenku\\.baidu\\.com\\/search\\?/","/^https?:\\/\\/www\\.docin\\.com\\/search\\.do/","/^https?:\\/\\/www\\.soku\\.com\\/[a-z]/","/^https?:\\/\\/www\\.douban\\.com\\/search\\?/","/^https?:\\/\\/movie\\.douban\\.com\\/subject_search\\?/","/^https?:\\/\\/book\\.douban\\.com\\/subject_search\\?/","/^https?:\\/\\/www\\.duokan\\.com\\/search\\//","/^https?:\\/\\/(?:www|encrypted)\\.google(?:stable)?\\..{2,9}\\/(?:webhp|search|#|$|\\?)(.*tbm=bks)/","/^https?:\\/\\/www\\.bilibili\\.com\\/search\\?/","/^https?:\\/\\/www\\.acfun\\.tv\\/search/","/^https?:\\/\\/www\\.youtube\\.com\\/results/","/^https?:\\/\\/www\\.nicovideo\\.jp\\/search\\//","/^https?:\\/\\/(?:v|(?:video))\\.baidu\\.com\\/(?:v|#)/","/^https?:\\/\\/video\\.haosou\\.com\\//","/^https?:\\/\\/v\\.qq\\.com\\/search\\.html\\?/","/^https?:\\/\\/v\\.sogou\\.com\\/v\\?/","/^https?:\\/\\/.*\\.bing\\.com\\/video/","/^https?:\\/\\/so\\.iqiyi\\.com\\/so\\/q/","/^https?:\\/\\/so\\.letv\\.com\\/s\\?/","/^https?:\\/\\/so\\.tv\\.sohu\\.com\\/mts\\?/","/^https?:\\/\\/so\\.56\\.com\\/video\\//","/^https?:\\/\\/so\\.ku6\\.com\\/search/","/^https?:\\/\\/www\\.dongting\\.com\\/#/","/^https?:\\/\\/music\\.baidu\\.com\\/search/","/^https?:\\/\\/cgi\\.music\\.soso\\.com/","/^https?:\\/\\/mp3\\.sogou\\.com\\/music\\.so/","/^https?:\\/\\/so\\.yinyuetai\\.com\\/mv\\?/","/^https?:\\/\\/so\\.1ting\\.com\\//","/^https?:\\/\\/www\\.songtaste\\.com\\/search/","/^https?:\\/\\/www\\.xiami\\.com\\/search/","/^https?:\\/\\/music\\.163\\.com\\/.*#\\/search/","/^https?:\\/\\/sou\\.kuwo\\.cn\\/ws\\/NSearch/","/^https?:\\/\\/\\w{2,10}\\.google(?:\\.\\D{1,3}){1,2}\\/search\\?(.*tbs=sbi)|(.*tbm=isch)/","/^https?:\\/\\/image\\.baidu\\.c(om|n)\\/(i|search)/","/^https?:\\/\\/\\image\\.haosou\\.com\\/i\\?/","/^https?:\\/\\/.*\\.bing\\.com\\/images\\/search/","/^https?:\\/\\/pic\\.sogou\\.com\\/pic/","/^https?:\\/\\/image\\.youdao\\.com\\/search/","/^https?:\\/\\/huaban\\.com\\/search\\/\\?/","/^https?:\\/\\/www\\.flickr\\.com\\/search/","/^http:\\/\\/(..|...)\\.picsearch\\.com\\/index\\.cgi/","/^http:\\/\\/www\\.pixiv\\.net\\/search\\.php/","/^http:\\/\\/www\\.deviantart\\.com\\/browse\\/all\\/\\?q/","/^http:\\/\\/www\\.easyicon\\.net\\/iconsearch\\//","/^http:\\/\\/img\\.jpg4\\.info\\//","/^https?:\\/\\/www\\.allyingshi\\.com\\/index\\/search\\//","/^https?:\\/\\/bt\\.ktxp\\.com\\/search\\.php\\?/","/^http:\\/\\/cili006\\.com\\/\\?topic_title/","/^https?:\\/\\/share\\.dmhy\\.org\\/topics\\/list/","/^https?:\\/\\/kat\\.cr\\/usearch\\//","/^https?:\\/\\/www\\.nyaa\\.se\\/\\?page/","/^https?:\\/\\/www\\.ed2000\\.com\\/FileList\\.asp/","/^https?:\\/\\/search\\.t\\.qq\\.com\\/index\\.php\\?(.*QQ%E6%97)/","/^https?:\\/\\/www\\.bt2mag\\.com\\/search/","/^https?:\\/\\/www\\.breadsearch\\.com\\/search/","/^https?:\\/\\/www\\.cilibaba\\.com\\/search\\//","/^https?:\\/\\/www\\.bthand\\.com\\/search\\//","/^https?:\\/\\/(www\\.)?btku\\.org\\/q\\//","/^https?:\\/\\/(www\\.)?torrentkitty\\.(com|org|net)\\/search\\//","/^https?:\\/\\/btdigg\\.org\\/search\\?/","/^https?:\\/\\/s8?\\.etao\\.com\\/search/","/^https?:\\/\\/search\\.jd\\.com\\/Search\\?/","/^https?:\\/\\/s\\.taobao\\.com\\/search/","/^https?:\\/\\/searchex\\.yixun\\.com\\/html\\?/","/^https?:\\/\\/(search)\\.suning\\.com\\//","/^https?:\\/\\/list\\.tmall\\.com\\/\\/?search/","/^https?:\\/\\/www\\.amazon\\.((cn)|(com))\\/s\\/ref/","/^https?:\\/\\/search\\.dangdang\\.com\\/\\?key/","/^https?:\\/\\/s\\.paipai\\.com\\/[a-z]/","/^https?:\\/\\/se?\\.wanggou\\.com\\/[a-z]/","/^https?:\\/\\/s\\.mall\\.360\\.cn\\/search/","/^https?:\\/\\/www\\.huihui\\.cn\\/search\\?/","/^https?:\\/\\/dict\\.youdao\\.com\\/search/","/^https?:\\/\\/www\\.iciba\\.com/","/^https?:\\/\\/dict\\.cn\\/./","/^https?:\\/\\/dict\\.hjenglish\\.com\\/(en|w)/","/^https?:\\/\\/dict\\.hjenglish\\.com\\/(404\\/)?jp/","/^https?:\\/\\/www\\.zdic\\.net\\/sousuo/","/^https?:\\/\\/translate\\.google\\./","/^https?:\\/\\/fanyi\\.baidu\\.com/","/^https?:\\/\\/fanyi\\.youdao\\.com/","/^https?:\\/\\/(cn|www)\\.bing\\.com\\/dict\\/search\\?/","/^https?:\\/\\/www\\.bing\\.com\\/translator/","/^https?:\\/\\/fy\\.iciba\\.com/","/^https?:\\/\\/search\\.t\\.qq\\.com\\/index|user\\.php\\?/","/^https?:\\/\\/s\\.weibo\\.com\\/weibo|user\\//","/^https?:\\/\\/www\\.facebook\\.com\\/search\\//","/^https?:\\/\\/(www\\.)?twitter\\.com\\/search/","/^https?:\\/\\/plus\\.google\\.com\\/s\\//","/^https?:\\/\\/shooter\\.cn\\/search/","/^https?:\\/\\/www\\.subom\\.net\\/search/","/^https?:\\/\\/vdisk\\.weibo\\.com\\/search/","/^https?:\\/\\/(?:www|encrypted|cse)\\.google(?:stable)?\\..{2,9}\\/(?:cse\\?)(.*q=)/","/^http:\\/\\/www\\.javlibrary\\.com\\/[a-z]{2}\\/.*search/","/^http:\\/\\/www\\.javlibrary\\.com\\/[a-z]{2}\\/\\?v/","/^http:\\/\\/www\\.javmoo\\.xyz\\/[a-z]{2}\\/search/","/^http:\\/\\/www\\.javmoo\\.xyz\\/[a-z]{2}\\/movie/","/^http:\\/\\/www\\.avless\\.com\\/[a-z]{2}\\/search/","/^http:\\/\\/www\\.avless\\.com\\/[a-z]{2}\\/movie/","/^http:\\/\\/www\\.avmemo\\.com\\/[a-z]{2}\\/search/","/^http:\\/\\/www\\.avmemo\\.com\\/[a-z]{2}\\/movie/","/^http:\\/\\/www\\.javbus\\.com\\/(uncensored\\/)?([a-z]{2}\\/)?search/","/^http:\\/\\/www\\.javbus\\.com\\/(uncensored\\/)?([a-z]{2}\\/)?/","/^http:\\/\\/(www\\.)?avdb\\.la\\/search/","/^http:\\/\\/(www\\.)?avdb\\.la\\/movie/","/^http:\\/\\/www\\.avdb\\.im\\/([a-z]{2}\\/)?search/","/^http:\\/\\/www\\.avdb\\.im\\/([a-z]{2}\\/)?movie/","/^http:\\/\\/www\\.libredmm\\.com\\//","/^http:\\/\\/www\\.pornmd\\.com\\//","/^http:\\/\\/www\\.pornhub\\.com\\/.*search/","/^http:\\/\\/www\\.xtube\\.com\\/.*search/","/^http:\\/\\/www\\.redtube\\.com\\/.*search/","/^http:\\/\\/www\\.youporn\\.com\\/.*search/","/^http:\\/\\/www\\.keezmovies\\.com\\/.*search/","/^http:\\/\\/www\\.tube8\\.com\\/.*search/","/^http:\\/\\/www\\.spankwire\\.com\\/.*search/","/^http:\\/\\/www\\.extremetube\\.com\\/.*search/","/^http:\\/\\/www\\.dmm\\.[\\w\\.]+\\/.*search/","/^http:\\/\\/www\\.oisinbosoft\\.[\\w\\.]+\\/.*seach/","/^http:\\/\\/www\\.minnano\\-av\\.[\\w\\.]+\\/.*search/","/^https?:\\/\\/www\\.fakku\\.net\\/.*search/","/^https?:\\/\\/www\\.zerochan\\.net\\//","/^https?:\\/\\/\\w*\\.?pururin\\.com\\/search/","/^https?:\\/\\/\\w*\\.?donmai\\.us\\/.*(search|tags)/","/^https?:\\/\\/\\w*\\.?gelbooru\\.com\\/.*(search|tags)/","/^https?:\\/\\/\\w*\\.?konachan\\.com\\/.*(search|tags)/","/^https?:\\/\\/\\w*\\.?yande\\.re\\/.*(search|tags)/","/^https?:\\/\\/\\w*\\.?rule34\\.xxx\\/.*(search|tags)/","/^https?:\\/\\/\\w*\\.?lolibooru\\.moe\\/.*(search|tags)/","/^https?:\\/\\/\\w*\\.?safebooru\\.org\\/.*(search|tags)/","/^https?:\\/\\/\\w*\\.?sankakucomplex\\.com\\/.*(search|tags)/","/^https?:\\/\\/\\w*\\.?behoimi\\.org\\/.*(search|tags)/","/^http:\\/\\/www\\.sokmil\\.com\\/.*search/"],"orig_matches":[],"orig_noframes":null,"orig_run_at":"document-end","use_excludes":[],"use_includes":[],"use_matches":[]},"run_at":null,"user_agent":""},"settings":{"enabled":true,"position":22},"meta":{"name":"searchEngineJump 简化修复版","uuid":"dd62dced-cf83-4015-b99b-a9016199065f","modified":1458069124700,"file_url":"https://raw.githubusercontent.com/tangxiadi/searchEngineJumpSU/master/searchEngineJump.user.js"}}