{"options":{"awareOfChrome":false,"comment":null,"compat_arrayleft":false,"compat_foreach":false,"compat_forvarin":false,"compat_metadata":false,"compat_uW_gmonkey":false,"compat_wrappedjsobject":false,"compatopts_for_requires":true,"noframes":null,"override":{"merge_excludes":true,"merge_includes":true,"merge_matches":true,"orig_excludes":["http://tieba.baidu.com/tb/*"],"orig_includes":["http://tieba.baidu.com/*"],"orig_matches":[],"orig_noframes":null,"orig_run_at":"document-idle","use_excludes":[],"use_includes":[],"use_matches":[]},"run_at":null,"user_agent":""},"settings":{"enabled":false,"position":3},"meta":{"name":"Tieba Sign","uuid":"ba35ccea-c846-422a-a187-55db795992c0","modified":1458069124158,"file_url":"https://greasyfork.org/scripts/122-tieba-sign/code/Tieba%20Sign.user.js"}}