{"data":{"data":"s{\"backup\":1,\"calllist\":\"[{\\\"name\\\":\\\"新列表\\\",\\\"data\\\":[]}]\",\"calllast\":\"0\",\"sign\":\"true\",\"tails\":\"[{\\\"type\\\":\\\"j\\\",\\\"name\\\":\\\"UA\\\",\\\"data\\\":\\\"\\\\\\\"——我喂自己袋盐<br>&gt;&gt;\\\\\\\"+navigator.userAgent\\\"},{\\\"type\\\":\\\"h\\\",\\\"name\\\":\\\"求妹纸\\\",\\\"data\\\":\\\"<img pic_type=\\\\\\\"1\\\\\\\" class=\\\\\\\"BDE_Image\\\\\\\" src=\\\\\\\"http://imgsrc.baidu.com/forum/w%3D580/sign=6ca77dcee5dde711e7d243fe97edcef4/b03533fa828ba61e111605e44134970a314e5905.jpg\\\\\\\" width=\\\\\\\"560\\\\\\\" height=\\\\\\\"11\\\\\\\"><br><img pic_type=\\\\\\\"1\\\\\\\" src=\\\\\\\"http://static.tieba.baidu.com/tb/editor/images/tsj/t_0010.gif\\\\\\\" class=\\\\\\\"BDE_Smiley\\\\\\\" height=\\\\\\\"40\\\\\\\" width=\\\\\\\"40\\\\\\\">少壮不追妹，老大去相亲\\\"}]\",\"water\":\"[{\\\"type\\\":\\\"s\\\",\\\"name\\\":\\\"打酱油\\\",\\\"data\\\":\\\"我是打酱油的~\\\"}]\",\"usetail\":\"false\",\"tailindex\":\"1\",\"waterindex\":\"0\",\"hk-float\":\"\\\"\\\"\",\"float\":\"\\\"open\\\"\",\"allowUp\":\"true\",\"allowMinify\":\"true\",\"allowSimple\":\"true\",\"allowMinifyOnBlur\":\"true\",\"mcss_float\":\"{\\\"right\\\":\\\"3px\\\",\\\"bottom\\\":\\\"5px\\\"}\",\"w2ifaces\":\"[\\\"微软雅黑\\\"]\",\"w2ifaceid\":\"0\",\"w2ipreview\":\"false\",\"w2icolor\":\"\\\"#2222ff\\\"\",\"w2isize\":\"22\",\"w2iabgclr\":\"false\",\"w2ibgclr\":\"\\\"#efe4b0\\\"\",\"w2ibold\":\"false\",\"w2iitalic\":\"false\",\"w2ishadow\":\"false\",\"w2istroke\":\"false\",\"wap\":\"true\"}"},"ts":1458069124582}