{"options":{"awareOfChrome":false,"comment":null,"compat_arrayleft":false,"compat_foreach":false,"compat_forvarin":false,"compat_metadata":false,"compat_uW_gmonkey":false,"compat_wrappedjsobject":false,"compatopts_for_requires":true,"noframes":null,"override":{"merge_excludes":true,"merge_includes":true,"merge_matches":true,"orig_excludes":["http://tieba.baidu.com/tb/*"],"orig_includes":["http://tieba.baidu.com/*"],"orig_matches":[],"orig_noframes":null,"orig_run_at":"document-idle","use_excludes":[],"use_includes":[],"use_matches":[]},"run_at":null,"user_agent":""},"settings":{"enabled":false,"position":7},"meta":{"name":"Tieba Imagizer","uuid":"f024e68a-d720-49fa-88ac-b99eb6cea47a","modified":1458069124597,"file_url":"https://greasyfork.org/scripts/120-tieba-imagizer/code/Tieba%20Imagizer.user.js"}}