{"options":{"awareOfChrome":false,"comment":null,"compat_arrayleft":false,"compat_foreach":false,"compat_forvarin":false,"compat_metadata":false,"compat_uW_gmonkey":false,"compat_wrappedjsobject":false,"compatopts_for_requires":true,"noframes":null,"override":{"merge_excludes":true,"merge_includes":true,"merge_matches":true,"orig_excludes":[],"orig_includes":["*.baidu.com/*"],"orig_matches":["*://*.baidu.com/*"],"orig_noframes":null,"orig_run_at":"document-start","use_excludes":[],"use_includes":[],"use_matches":[]},"run_at":null,"user_agent":""},"settings":{"enabled":true,"position":4},"meta":{"name":"Tieba Utilities","uuid":"968e3290-f18b-4b1e-a14f-f10916f004f2","modified":1458069124577,"file_url":"https://greasyfork.org/scripts/118-tieba-utilities/code/Tieba%20Utilities.user.js"}}