{"options":{"awareOfChrome":false,"comment":null,"compat_arrayleft":false,"compat_foreach":false,"compat_forvarin":false,"compat_metadata":false,"compat_uW_gmonkey":false,"compat_wrappedjsobject":false,"compatopts_for_requires":true,"noframes":null,"override":{"merge_excludes":true,"merge_includes":true,"merge_matches":true,"orig_excludes":["http://developer.baidu.com/*","http://web.im.baidu.com/*"],"orig_includes":["*.baidu.com/*"],"orig_matches":["*://*.baidu.com/*"],"orig_noframes":null,"orig_run_at":"document-idle","use_excludes":[],"use_includes":[],"use_matches":[]},"run_at":null,"user_agent":""},"settings":{"enabled":true,"position":5},"meta":{"name":"Tieba Multiuser","uuid":"a29f8088-9bbf-4fa0-85e2-0e05c625d73e","modified":1458069124584,"file_url":"https://greasyfork.org/scripts/119-baidu-multiuser/code/Baidu%20Multiuser.user.js"}}