{"options":{"awareOfChrome":false,"comment":null,"compat_arrayleft":false,"compat_foreach":false,"compat_forvarin":false,"compat_metadata":false,"compat_uW_gmonkey":false,"compat_wrappedjsobject":true,"compatopts_for_requires":true,"noframes":null,"override":{"merge_excludes":true,"merge_includes":true,"merge_matches":true,"orig_excludes":[],"orig_includes":["http://*.youtube.com/*","http://youtube.com/*","https://*.youtube.com/*","https://youtube.com/*"],"orig_matches":[],"orig_noframes":null,"orig_run_at":"document-idle","use_excludes":[],"use_includes":[],"use_matches":[]},"run_at":null,"user_agent":""},"settings":{"enabled":false,"position":21},"meta":{"name":"YouTube Auto Buffer & Auto HD","uuid":"e68a4c6e-b67b-4d26-ac85-78b227b4b4ec","modified":1458069124691,"file_url":"https://openuserjs.org/install/JoeSimmons/YouTube_Auto_Buffer_Auto_HD.user.js"}}