{"options":{"awareOfChrome":false,"comment":null,"compat_arrayleft":false,"compat_foreach":false,"compat_forvarin":false,"compat_metadata":false,"compat_uW_gmonkey":false,"compat_wrappedjsobject":false,"compatopts_for_requires":true,"noframes":null,"override":{"merge_excludes":true,"merge_includes":true,"merge_matches":true,"orig_excludes":[],"orig_includes":["http://www.javmoo.xyz/*","http://www.avless.com/*","http://www.avmemo.com/*","http://*5avlib.com/*","http://*look4lib.com/*","http://javlib3.com/*","http://www.javlibrary.com/*","http://www.libredmm.com/products/*","http://www.javbus.in/*","https://www.javbus.me/*","http://avdb.la/movie/*","http://www.141jav.com/view/*","http://www.av4you.net/work/*.htm","http://www.dmmy18.com/*","http://pan.baidu.com/disk/home*","http://115.com/?tab=offline&mode=wangpan","http://cloud.letv.com/webdisk/home/index","http://disk.yun.uc.cn/","https://www.furk.net/users/files/add","*.yunpan.360.cn/my/","http://www.dmm.co.jp/digital/videoa/*","http://www.btcherry.org/*","https://btdigg.org/search*"],"orig_matches":[],"orig_noframes":null,"orig_run_at":"document-end","use_excludes":[],"use_includes":[],"use_matches":[]},"run_at":null,"user_agent":""},"settings":{"enabled":true,"position":17},"meta":{"name":"挊","uuid":"56bd6a35-2ccf-4d47-9a85-05778e533146","modified":1458069124665,"file_url":"https://greasyfork.org/scripts/8392-%E6%8C%8A/code/%E6%8C%8A.user.js"}}