{"options":{"awareOfChrome":false,"comment":null,"compat_arrayleft":false,"compat_foreach":false,"compat_forvarin":false,"compat_metadata":false,"compat_uW_gmonkey":false,"compat_wrappedjsobject":false,"compatopts_for_requires":true,"noframes":null,"override":{"merge_excludes":true,"merge_includes":true,"merge_matches":true,"orig_excludes":[],"orig_includes":["http://pan.baidu.com/disk/*","https://pan.baidu.com/disk/*","https://yun.baidu.com/#from=share_yun_logo/","http://yun.baidu.com/#from=share_yun_logo/"],"orig_matches":[],"orig_noframes":null,"orig_run_at":"document-end","use_excludes":[],"use_includes":[],"use_matches":[]},"run_at":null,"user_agent":""},"settings":{"enabled":true,"position":9},"meta":{"name":"百度云插件+APIKey","uuid":"7f25859e-5b46-4ac1-88f9-552e815e6595","modified":1458069124610,"file_url":"https://greasyfork.org/scripts/496-%E7%99%BE%E5%BA%A6%E4%BA%91%E6%8F%92%E4%BB%B6-apikey/code/%E7%99%BE%E5%BA%A6%E4%BA%91%E6%8F%92%E4%BB%B6+APIKey.user.js"}}